{
	"UNIT": "ssh.service",
	"_TRANSPORT": "journal",
	"_HOSTNAME": "triandi99",
	"MESSAGE": "Starting OpenBSD Secure Shell server...",
	"_BOOT_ID": "f05eda76fdf3426d8d90b10c0e9212bb",
	"_PID": "1",
	"CODE_FILE": "src/core/job.c",
	"MESSAGE_ID": "7d4958e842da4a758f6c1cdc7b36dcc5",
	"_SYSTEMD_CGROUP": "/init.scope",
	"_EXE": "/usr/lib/systemd/systemd",
	"_SYSTEMD_SLICE": "-.slice",
	"TID": "1",
	"CODE_LINE": "557",
	"JOB_ID": "164",
	"__MONOTONIC_TIMESTAMP": "29819551",
	"SYSLOG_IDENTIFIER": "systemd",
	"_UID": "0",
	"_GID": "0",
	"PRIORITY": "6",
	"__CURSOR": "s=480619fb37db476da096992f243a3a37;i=63f;b=f05eda76fdf3426d8d90b10c0e9212bb;m=1c7029f;t=5f0ee127d592a;x=fd64dad046460c3",
	"_SOURCE_REALTIME_TIMESTAMP": "1672280186639214",
	"_COMM": "systemd",
	"_CMDLINE": "/sbin/init splash",
	"_CAP_EFFECTIVE": "1ffffffffff",
	"SYSLOG_FACILITY": "3",
	"JOB_TYPE": "start",
	"_SYSTEMD_UNIT": "init.scope",
	"_MACHINE_ID": "b0d275fb46fa48c6820be57edaa22cf5",
	"__REALTIME_TIMESTAMP": "1672280186640682",
	"_SELINUX_CONTEXT": "unconfined\n",
	"CODE_FUNC": "job_emit_start_message",
	"INVOCATION_ID": "e4910daf4140429aaffac10406df93a6"
}
{
	"_COMM": "sshd",
	"SYSLOG_PID": "1068",
	"_SYSTEMD_SLICE": "system.slice",
	"_UID": "0",
	"SYSLOG_TIMESTAMP": "feb 18 09:16:28 ",
	"_CMDLINE": "/usr/sbin/sshd -D",
	"_SYSTEMD_CGROUP": "/system.slice/ssh.service",
	"_GID": "0",
	"__MONOTONIC_TIMESTAMP": "32134010",
	"_TRANSPORT": "syslog",
	"_SELINUX_CONTEXT": "unconfined\n",
	"PRIORITY": "6",
	"MESSAGE": "Server listening on 0.0.0.0 port 2000.",
	"_SYSTEMD_INVOCATION_ID": "e4910daf4140429aaffac10406df93a6",
	"__CURSOR": "s=480619fb37db476da096992f243a3a37;i=667;b=f05eda76fdf3426d8d90b10c0e9212bb;m=1ea537a;t=5f0ee12a0aa06;x=1968a4853aebe87c",
	"_HOSTNAME": "triandi99",
	"SYSLOG_IDENTIFIER": "sshd",
	"__REALTIME_TIMESTAMP": "1672280188955142",
	"_SOURCE_REALTIME_TIMESTAMP": "1672280188955123",
	"_EXE": "/usr/sbin/sshd",
	"_SYSTEMD_UNIT": "ssh.service",
	"_BOOT_ID": "f05eda76fdf3426d8d90b10c0e9212bb",
	"_CAP_EFFECTIVE": "1ffffffffff",
	"_MACHINE_ID": "b0d275fb46fa48c6820be57edaa22cf5",
	"SYSLOG_FACILITY": "4",
	"_PID": "1068"
}
{
	"_GID": "0",
	"_PID": "1068",
	"__CURSOR": "s=480619fb37db476da096992f243a3a37;i=668;b=f05eda76fdf3426d8d90b10c0e9212bb;m=1ea5504;t=5f0ee12a0ab90;x=b6e455d01bef5f5b",
	"SYSLOG_FACILITY": "4",
	"_SYSTEMD_INVOCATION_ID": "e4910daf4140429aaffac10406df93a6",
	"_EXE": "/usr/sbin/sshd",
	"SYSLOG_PID": "1068",
	"__MONOTONIC_TIMESTAMP": "32134404",
	"SYSLOG_IDENTIFIER": "sshd",
	"_UID": "0",
	"_SYSTEMD_CGROUP": "/system.slice/ssh.service",
	"_HOSTNAME": "triandi99",
	"_SOURCE_REALTIME_TIMESTAMP": "1672280188955195",
	"SYSLOG_TIMESTAMP": "feb 18 09:16:28 ",
	"_COMM": "sshd",
	"MESSAGE": "Server listening on :: port 2000.",
	"_BOOT_ID": "f05eda76fdf3426d8d90b10c0e9212bb",
	"_SYSTEMD_UNIT": "ssh.service",
	"PRIORITY": "6",
	"_CAP_EFFECTIVE": "1ffffffffff",
	"_TRANSPORT": "syslog",
	"_MACHINE_ID": "b0d275fb46fa48c6820be57edaa22cf5",
	"_SELINUX_CONTEXT": "unconfined\n",
	"_CMDLINE": "/usr/sbin/sshd -D",
	"__REALTIME_TIMESTAMP": "1672280188955536",
	"_SYSTEMD_SLICE": "system.slice"
}
{
	"CODE_LINE": "713",
	"_CMDLINE": "/sbin/init splash",
	"__REALTIME_TIMESTAMP": "1672280188955615",
	"JOB_ID": "164",
	"PRIORITY": "6",
	"_COMM": "systemd",
	"_PID": "1",
	"CODE_FILE": "src/core/job.c",
	"_SELINUX_CONTEXT": "unconfined\n",
	"_SYSTEMD_SLICE": "-.slice",
	"_SYSTEMD_CGROUP": "/init.scope",
	"MESSAGE_ID": "39f53479d3a045ac8e11786248231fbf",
	"INVOCATION_ID": "e4910daf4140429aaffac10406df93a6",
	"_BOOT_ID": "f05eda76fdf3426d8d90b10c0e9212bb",
	"UNIT": "ssh.service",
	"_SYSTEMD_UNIT": "init.scope",
	"_SOURCE_REALTIME_TIMESTAMP": "1672280188955421",
	"TID": "1",
	"MESSAGE": "Started OpenBSD Secure Shell server.",
	"_MACHINE_ID": "b0d275fb46fa48c6820be57edaa22cf5",
	"JOB_RESULT": "done",
	"_HOSTNAME": "triandi99",
	"SYSLOG_IDENTIFIER": "systemd",
	"__MONOTONIC_TIMESTAMP": "32134484",
	"JOB_TYPE": "start",
	"_TRANSPORT": "journal",
	"SYSLOG_FACILITY": "3",
	"_UID": "0",
	"_EXE": "/usr/lib/systemd/systemd",
	"_GID": "0",
	"_CAP_EFFECTIVE": "1ffffffffff",
	"__CURSOR": "s=480619fb37db476da096992f243a3a37;i=669;b=f05eda76fdf3426d8d90b10c0e9212bb;m=1ea5554;t=5f0ee12a0abdf;x=ce5aae43db2ba1e",
	"CODE_FUNC": "job_emit_done_message"
}
{
	"_SYSTEMD_SLICE": "system.slice",
	"__CURSOR": "s=480619fb37db476da096992f243a3a37;i=995;b=f05eda76fdf3426d8d90b10c0e9212bb;m=9568ab2;t=5f0ee1a0ce13e;x=f1e21cd347663bc5",
	"_TRANSPORT": "syslog",
	"_SYSTEMD_CGROUP": "/system.slice/ssh.service",
	"_UID": "0",
	"_COMM": "sshd",
	"_PID": "2823",
	"SYSLOG_IDENTIFIER": "sshd",
	"_CMDLINE": "\"sshd: dicoding [priv]\"",
	"__REALTIME_TIMESTAMP": "1672280313487678",
	"_SYSTEMD_INVOCATION_ID": "e4910daf4140429aaffac10406df93a6",
	"MESSAGE": "Accepted publickey for dicoding from 127.0.0.1 port 35582 ssh2: RSA SHA256:Ziwnqe0lFxNJjYS8dmh6brWkGGXjF4JAWeNtpFY5SXE",
	"_SOURCE_REALTIME_TIMESTAMP": "1672280313487656",
	"_BOOT_ID": "f05eda76fdf3426d8d90b10c0e9212bb",
	"_EXE": "/usr/sbin/sshd",
	"_GID": "0",
	"SYSLOG_TIMESTAMP": "feb 18 09:18:33 ",
	"__MONOTONIC_TIMESTAMP": "156666546",
	"_CAP_EFFECTIVE": "1ffffffffff",
	"SYSLOG_FACILITY": "4",
	"_SYSTEMD_UNIT": "ssh.service",
	"_HOSTNAME": "triandi99",
	"_SELINUX_CONTEXT": "unconfined\n",
	"_MACHINE_ID": "b0d275fb46fa48c6820be57edaa22cf5",
	"SYSLOG_PID": "2823",
	"PRIORITY": "6"
}
{
	"_UID": "0",
	"_MACHINE_ID": "b0d275fb46fa48c6820be57edaa22cf5",
	"_BOOT_ID": "f05eda76fdf3426d8d90b10c0e9212bb",
	"SYSLOG_FACILITY": "10",
	"_CAP_EFFECTIVE": "1ffffffffff",
	"_PID": "2823",
	"SYSLOG_PID": "2823",
	"PRIORITY": "6",
	"_EXE": "/usr/sbin/sshd",
	"_SOURCE_REALTIME_TIMESTAMP": "1672280313490284",
	"_SYSTEMD_UNIT": "ssh.service",
	"SYSLOG_IDENTIFIER": "sshd",
	"_TRANSPORT": "syslog",
	"_COMM": "sshd",
	"_GID": "0",
	"_HOSTNAME": "triandi99",
	"_SELINUX_CONTEXT": "unconfined\n",
	"SYSLOG_TIMESTAMP": "feb 18 09:18:33 ",
	"__CURSOR": "s=480619fb37db476da096992f243a3a37;i=996;b=f05eda76fdf3426d8d90b10c0e9212bb;m=95694ed;t=5f0ee1a0ceb79;x=227eca9be9e1dafe",
	"_CMDLINE": "\"sshd: dicoding [priv]\"",
	"_SYSTEMD_SLICE": "system.slice",
	"_SYSTEMD_CGROUP": "/system.slice/ssh.service",
	"MESSAGE": "pam_unix(sshd:session): session opened for user dicoding(uid=1001) by (uid=0)",
	"_SYSTEMD_INVOCATION_ID": "e4910daf4140429aaffac10406df93a6",
	"__MONOTONIC_TIMESTAMP": "156669165",
	"__REALTIME_TIMESTAMP": "1672280313490297"
}
{
	"SYSLOG_TIMESTAMP": "feb 18 09:18:55 ",
	"_TRANSPORT": "syslog",
	"_SYSTEMD_INVOCATION_ID": "e4910daf4140429aaffac10406df93a6",
	"MESSAGE": "Connection closed by authenticating user triandi 127.0.0.1 port 57884 [preauth]",
	"_EXE": "/usr/sbin/sshd",
	"_PID": "3123",
	"__REALTIME_TIMESTAMP": "1672280335891002",
	"_BOOT_ID": "f05eda76fdf3426d8d90b10c0e9212bb",
	"_CMDLINE": "\"sshd: triandi [priv]\"",
	"SYSLOG_PID": "3123",
	"SYSLOG_IDENTIFIER": "sshd",
	"_GID": "0",
	"_CAP_EFFECTIVE": "1ffffffffff",
	"_SYSTEMD_CGROUP": "/system.slice/ssh.service",
	"PRIORITY": "6",
	"_SYSTEMD_SLICE": "system.slice",
	"_SELINUX_CONTEXT": "unconfined\n",
	"__MONOTONIC_TIMESTAMP": "179069870",
	"_SYSTEMD_UNIT": "ssh.service",
	"SYSLOG_FACILITY": "4",
	"_UID": "0",
	"_SOURCE_REALTIME_TIMESTAMP": "1672280335890926",
	"_MACHINE_ID": "b0d275fb46fa48c6820be57edaa22cf5",
	"__CURSOR": "s=480619fb37db476da096992f243a3a37;i=9fb;b=f05eda76fdf3426d8d90b10c0e9212bb;m=aac63ae;t=5f0ee1b62ba3a;x=dccccf36c6c48a5d",
	"_HOSTNAME": "triandi99",
	"_COMM": "sshd"
}
{
	"_MACHINE_ID": "b0d275fb46fa48c6820be57edaa22cf5",
	"__MONOTONIC_TIMESTAMP": "311891298",
	"MESSAGE": "Connection closed by authenticating user dicoding 127.0.0.1 port 49402 [preauth]",
	"_SYSTEMD_SLICE": "system.slice",
	"SYSLOG_PID": "3857",
	"_BOOT_ID": "f05eda76fdf3426d8d90b10c0e9212bb",
	"_GID": "0",
	"_SELINUX_CONTEXT": "unconfined\n",
	"_SYSTEMD_CGROUP": "/system.slice/ssh.service",
	"_CMDLINE": "\"sshd: dicoding [priv]\"",
	"PRIORITY": "6",
	"_HOSTNAME": "triandi99",
	"_PID": "3857",
	"SYSLOG_TIMESTAMP": "feb 18 09:21:08 ",
	"_SYSTEMD_INVOCATION_ID": "e4910daf4140429aaffac10406df93a6",
	"_UID": "0",
	"__REALTIME_TIMESTAMP": "1672280468712430",
	"_CAP_EFFECTIVE": "1ffffffffff",
	"SYSLOG_FACILITY": "4",
	"_SYSTEMD_UNIT": "ssh.service",
	"_COMM": "sshd",
	"_SOURCE_REALTIME_TIMESTAMP": "1672280468712409",
	"__CURSOR": "s=480619fb37db476da096992f243a3a37;i=a0a;b=f05eda76fdf3426d8d90b10c0e9212bb;m=12971562;t=5f0ee234d6bee;x=8f21a2f14fd49b8c",
	"_EXE": "/usr/sbin/sshd",
	"SYSLOG_IDENTIFIER": "sshd",
	"_TRANSPORT": "syslog"
}
{
	"_SYSTEMD_INVOCATION_ID": "e4910daf4140429aaffac10406df93a6",
	"_HOSTNAME": "triandi99",
	"MESSAGE": "Connection closed by authenticating user dicoding 127.0.0.1 port 49404 [preauth]",
	"_SELINUX_CONTEXT": "unconfined\n",
	"SYSLOG_IDENTIFIER": "sshd",
	"_BOOT_ID": "f05eda76fdf3426d8d90b10c0e9212bb",
	"_GID": "0",
	"__MONOTONIC_TIMESTAMP": "311993929",
	"_MACHINE_ID": "b0d275fb46fa48c6820be57edaa22cf5",
	"_COMM": "sshd",
	"SYSLOG_TIMESTAMP": "feb 18 09:21:08 ",
	"_SYSTEMD_SLICE": "system.slice",
	"_EXE": "/usr/sbin/sshd",
	"SYSLOG_FACILITY": "4",
	"_PID": "3864",
	"__REALTIME_TIMESTAMP": "1672280468815061",
	"_UID": "0",
	"SYSLOG_PID": "3864",
	"_TRANSPORT": "syslog",
	"_SYSTEMD_UNIT": "ssh.service",
	"_SOURCE_REALTIME_TIMESTAMP": "1672280468815035",
	"_CMDLINE": "\"sshd: dicoding [priv]\"",
	"PRIORITY": "6",
	"_SYSTEMD_CGROUP": "/system.slice/ssh.service",
	"__CURSOR": "s=480619fb37db476da096992f243a3a37;i=a0c;b=f05eda76fdf3426d8d90b10c0e9212bb;m=1298a649;t=5f0ee234efcd5;x=42f338118aa96f43",
	"_CAP_EFFECTIVE": "1ffffffffff"
}
{
	"SYSLOG_PID": "3878",
	"_HOSTNAME": "triandi99",
	"__REALTIME_TIMESTAMP": "1672280468972269",
	"_SYSTEMD_INVOCATION_ID": "e4910daf4140429aaffac10406df93a6",
	"SYSLOG_TIMESTAMP": "feb 18 09:21:08 ",
	"_GID": "0",
	"_SOURCE_REALTIME_TIMESTAMP": "1672280468972106",
	"_BOOT_ID": "f05eda76fdf3426d8d90b10c0e9212bb",
	"_MACHINE_ID": "b0d275fb46fa48c6820be57edaa22cf5",
	"_UID": "0",
	"_SYSTEMD_UNIT": "ssh.service",
	"_SYSTEMD_SLICE": "system.slice",
	"SYSLOG_FACILITY": "4",
	"_CAP_EFFECTIVE": "1ffffffffff",
	"_PID": "3878",
	"SYSLOG_IDENTIFIER": "sshd",
	"_SELINUX_CONTEXT": "unconfined\n",
	"PRIORITY": "6",
	"MESSAGE": "Accepted publickey for dicoding from 127.0.0.1 port 49410 ssh2: RSA SHA256:Ziwnqe0lFxNJjYS8dmh6brWkGGXjF4JAWeNtpFY5SXE",
	"_COMM": "sshd",
	"_EXE": "/usr/sbin/sshd",
	"_TRANSPORT": "syslog",
	"_CMDLINE": "\"sshd: dicoding [priv]\"",
	"__CURSOR": "s=480619fb37db476da096992f243a3a37;i=a0f;b=f05eda76fdf3426d8d90b10c0e9212bb;m=129b0c61;t=5f0ee235162ed;x=7501fe6cd05b9fd9",
	"_SYSTEMD_CGROUP": "/system.slice/ssh.service",
	"__MONOTONIC_TIMESTAMP": "312151137"
}
{
	"__CURSOR": "s=480619fb37db476da096992f243a3a37;i=a10;b=f05eda76fdf3426d8d90b10c0e9212bb;m=129b2014;t=5f0ee2351769f;x=17b940fe1bc95545",
	"MESSAGE": "pam_unix(sshd:session): session opened for user dicoding(uid=1001) by (uid=0)",
	"_UID": "0",
	"__MONOTONIC_TIMESTAMP": "312156180",
	"_GID": "0",
	"_BOOT_ID": "f05eda76fdf3426d8d90b10c0e9212bb",
	"_HOSTNAME": "triandi99",
	"_SYSTEMD_INVOCATION_ID": "e4910daf4140429aaffac10406df93a6",
	"__REALTIME_TIMESTAMP": "1672280468977311",
	"_SYSTEMD_UNIT": "ssh.service",
	"SYSLOG_PID": "3878",
	"_SYSTEMD_CGROUP": "/system.slice/ssh.service",
	"_SYSTEMD_SLICE": "system.slice",
	"_MACHINE_ID": "b0d275fb46fa48c6820be57edaa22cf5",
	"SYSLOG_IDENTIFIER": "sshd",
	"_EXE": "/usr/sbin/sshd",
	"_PID": "3878",
	"_CMDLINE": "\"sshd: dicoding [priv]\"",
	"_SELINUX_CONTEXT": "unconfined\n",
	"_TRANSPORT": "syslog",
	"_CAP_EFFECTIVE": "1ffffffffff",
	"_COMM": "sshd",
	"SYSLOG_TIMESTAMP": "feb 18 09:21:08 ",
	"SYSLOG_FACILITY": "10",
	"PRIORITY": "6",
	"_SOURCE_REALTIME_TIMESTAMP": "1672280468976150"
}
{
	"_HOSTNAME": "triandi99",
	"_UID": "0",
	"SYSLOG_FACILITY": "10",
	"SYSLOG_PID": "3878",
	"__REALTIME_TIMESTAMP": "1672280469255576",
	"__MONOTONIC_TIMESTAMP": "312434445",
	"_MACHINE_ID": "b0d275fb46fa48c6820be57edaa22cf5",
	"_EXE": "/usr/sbin/sshd",
	"_SELINUX_CONTEXT": "unconfined\n",
	"SYSLOG_IDENTIFIER": "sshd",
	"_GID": "0",
	"_SYSTEMD_CGROUP": "/system.slice/ssh.service",
	"_CAP_EFFECTIVE": "1ffffffffff",
	"_SYSTEMD_INVOCATION_ID": "e4910daf4140429aaffac10406df93a6",
	"_CMDLINE": "\"sshd: dicoding [priv]\"",
	"_TRANSPORT": "syslog",
	"_PID": "3878",
	"_SYSTEMD_UNIT": "ssh.service",
	"_SOURCE_REALTIME_TIMESTAMP": "1672280469255556",
	"SYSLOG_TIMESTAMP": "feb 18 09:21:09 ",
	"PRIORITY": "6",
	"MESSAGE": "pam_unix(sshd:session): session closed for user dicoding",
	"_SYSTEMD_SLICE": "system.slice",
	"__CURSOR": "s=480619fb37db476da096992f243a3a37;i=a15;b=f05eda76fdf3426d8d90b10c0e9212bb;m=129f5f0d;t=5f0ee2355b598;x=c6e31ac271f77f14",
	"_BOOT_ID": "f05eda76fdf3426d8d90b10c0e9212bb",
	"_COMM": "sshd"
}
{
	"_EXE": "/usr/sbin/sshd",
	"__REALTIME_TIMESTAMP": "1672280495858949",
	"MESSAGE": "Accepted publickey for dicoding from 127.0.0.1 port 38170 ssh2: RSA SHA256:acMHakud47s7ZKr7XkdArzox+k10wfu2Sjjz61HSG68",
	"_SELINUX_CONTEXT": "unconfined\n",
	"_SYSTEMD_SLICE": "system.slice",
	"SYSLOG_TIMESTAMP": "feb 18 09:21:35 ",
	"_TRANSPORT": "syslog",
	"_CMDLINE": "\"sshd: dicoding [priv]\"",
	"_UID": "0",
	"SYSLOG_FACILITY": "4",
	"__MONOTONIC_TIMESTAMP": "339037818",
	"__CURSOR": "s=480619fb37db476da096992f243a3a37;i=a1c;b=f05eda76fdf3426d8d90b10c0e9212bb;m=14354e7a;t=5f0ee24eba505;x=806497158217d836",
	"_HOSTNAME": "triandi99",
	"_SYSTEMD_INVOCATION_ID": "e4910daf4140429aaffac10406df93a6",
	"_PID": "3934",
	"_CAP_EFFECTIVE": "1ffffffffff",
	"_SYSTEMD_UNIT": "ssh.service",
	"_COMM": "sshd",
	"_SOURCE_REALTIME_TIMESTAMP": "1672280495858930",
	"SYSLOG_PID": "3934",
	"PRIORITY": "6",
	"SYSLOG_IDENTIFIER": "sshd",
	"_MACHINE_ID": "b0d275fb46fa48c6820be57edaa22cf5",
	"_SYSTEMD_CGROUP": "/system.slice/ssh.service",
	"_GID": "0",
	"_BOOT_ID": "f05eda76fdf3426d8d90b10c0e9212bb"
}
{
	"_HOSTNAME": "triandi99",
	"_PID": "3934",
	"_COMM": "sshd",
	"_SOURCE_REALTIME_TIMESTAMP": "1672280495862079",
	"_SYSTEMD_SLICE": "system.slice",
	"PRIORITY": "6",
	"SYSLOG_IDENTIFIER": "sshd",
	"_GID": "0",
	"_MACHINE_ID": "b0d275fb46fa48c6820be57edaa22cf5",
	"_TRANSPORT": "syslog",
	"_CAP_EFFECTIVE": "1ffffffffff",
	"_SYSTEMD_INVOCATION_ID": "e4910daf4140429aaffac10406df93a6",
	"MESSAGE": "pam_unix(sshd:session): session opened for user dicoding(uid=1001) by (uid=0)",
	"_BOOT_ID": "f05eda76fdf3426d8d90b10c0e9212bb",
	"_EXE": "/usr/sbin/sshd",
	"_SYSTEMD_UNIT": "ssh.service",
	"_CMDLINE": "\"sshd: dicoding [priv]\"",
	"__CURSOR": "s=480619fb37db476da096992f243a3a37;i=a1d;b=f05eda76fdf3426d8d90b10c0e9212bb;m=14355ac4;t=5f0ee24ebb14f;x=eec1d8dc444b4950",
	"SYSLOG_PID": "3934",
	"_SYSTEMD_CGROUP": "/system.slice/ssh.service",
	"__REALTIME_TIMESTAMP": "1672280495862095",
	"_SELINUX_CONTEXT": "unconfined\n",
	"_UID": "0",
	"SYSLOG_FACILITY": "10",
	"__MONOTONIC_TIMESTAMP": "339040964",
	"SYSLOG_TIMESTAMP": "feb 18 09:21:35 "
}
{
	"_TRANSPORT": "syslog",
	"MESSAGE": "Connection closed by authenticating user triandi 127.0.0.1 port 51590 [preauth]",
	"_SYSTEMD_SLICE": "system.slice",
	"_SYSTEMD_UNIT": "ssh.service",
	"SYSLOG_TIMESTAMP": "feb 18 09:21:54 ",
	"SYSLOG_PID": "3995",
	"SYSLOG_IDENTIFIER": "sshd",
	"_MACHINE_ID": "b0d275fb46fa48c6820be57edaa22cf5",
	"_HOSTNAME": "triandi99",
	"_PID": "3995",
	"__REALTIME_TIMESTAMP": "1672280514296537",
	"_SOURCE_REALTIME_TIMESTAMP": "1672280514296510",
	"SYSLOG_FACILITY": "4",
	"__MONOTONIC_TIMESTAMP": "357475405",
	"_COMM": "sshd",
	"_SYSTEMD_CGROUP": "/system.slice/ssh.service",
	"_CMDLINE": "\"sshd: triandi [priv]\"",
	"_CAP_EFFECTIVE": "1ffffffffff",
	"_BOOT_ID": "f05eda76fdf3426d8d90b10c0e9212bb",
	"__CURSOR": "s=480619fb37db476da096992f243a3a37;i=a21;b=f05eda76fdf3426d8d90b10c0e9212bb;m=154ea44d;t=5f0ee2604fad9;x=2b80652caa3255f2",
	"_SYSTEMD_INVOCATION_ID": "e4910daf4140429aaffac10406df93a6",
	"_GID": "0",
	"_SELINUX_CONTEXT": "unconfined\n",
	"_UID": "0",
	"PRIORITY": "6",
	"_EXE": "/usr/sbin/sshd"
}
{
	"_CMDLINE": "\"sshd: dicoding [priv]\"",
	"PRIORITY": "6",
	"_SYSTEMD_CGROUP": "/system.slice/ssh.service",
	"__MONOTONIC_TIMESTAMP": "556591884",
	"_PID": "4330",
	"__CURSOR": "s=480619fb37db476da096992f243a3a37;i=a8a;b=f05eda76fdf3426d8d90b10c0e9212bb;m=212ceb0c;t=5f0ee31e34198;x=a2a6803516a8db07",
	"_SELINUX_CONTEXT": "unconfined\n",
	"SYSLOG_IDENTIFIER": "sshd",
	"SYSLOG_TIMESTAMP": "feb 18 09:25:13 ",
	"_UID": "0",
	"_EXE": "/usr/sbin/sshd",
	"__REALTIME_TIMESTAMP": "1672280713413016",
	"_COMM": "sshd",
	"_HOSTNAME": "triandi99",
	"_BOOT_ID": "f05eda76fdf3426d8d90b10c0e9212bb",
	"SYSLOG_PID": "4330",
	"_CAP_EFFECTIVE": "1ffffffffff",
	"_SYSTEMD_INVOCATION_ID": "e4910daf4140429aaffac10406df93a6",
	"SYSLOG_FACILITY": "4",
	"MESSAGE": "Accepted publickey for dicoding from 127.0.0.1 port 35330 ssh2: RSA SHA256:acMHakud47s7ZKr7XkdArzox+k10wfu2Sjjz61HSG68",
	"_SYSTEMD_UNIT": "ssh.service",
	"_SOURCE_REALTIME_TIMESTAMP": "1672280713412945",
	"_SYSTEMD_SLICE": "system.slice",
	"_GID": "0",
	"_MACHINE_ID": "b0d275fb46fa48c6820be57edaa22cf5",
	"_TRANSPORT": "syslog"
}
{
	"SYSLOG_IDENTIFIER": "sshd",
	"_SYSTEMD_CGROUP": "/system.slice/ssh.service",
	"PRIORITY": "6",
	"_COMM": "sshd",
	"_EXE": "/usr/sbin/sshd",
	"_TRANSPORT": "syslog",
	"_PID": "4330",
	"_SOURCE_REALTIME_TIMESTAMP": "1672280713416468",
	"_GID": "0",
	"MESSAGE": "pam_unix(sshd:session): session opened for user dicoding(uid=1001) by (uid=0)",
	"_CAP_EFFECTIVE": "1ffffffffff",
	"_SYSTEMD_INVOCATION_ID": "e4910daf4140429aaffac10406df93a6",
	"_CMDLINE": "\"sshd: dicoding [priv]\"",
	"_BOOT_ID": "f05eda76fdf3426d8d90b10c0e9212bb",
	"SYSLOG_FACILITY": "10",
	"_MACHINE_ID": "b0d275fb46fa48c6820be57edaa22cf5",
	"__MONOTONIC_TIMESTAMP": "556595355",
	"_UID": "0",
	"_SYSTEMD_UNIT": "ssh.service",
	"__CURSOR": "s=480619fb37db476da096992f243a3a37;i=a8b;b=f05eda76fdf3426d8d90b10c0e9212bb;m=212cf89b;t=5f0ee31e34f27;x=81994afb97b0d658",
	"SYSLOG_PID": "4330",
	"SYSLOG_TIMESTAMP": "feb 18 09:25:13 ",
	"_SELINUX_CONTEXT": "unconfined\n",
	"_SYSTEMD_SLICE": "system.slice",
	"_HOSTNAME": "triandi99",
	"__REALTIME_TIMESTAMP": "1672280713416487"
}
{
	"SYSLOG_PID": "4465",
	"_SYSTEMD_SLICE": "system.slice",
	"SYSLOG_TIMESTAMP": "feb 18 09:25:35 ",
	"_SYSTEMD_INVOCATION_ID": "e4910daf4140429aaffac10406df93a6",
	"__MONOTONIC_TIMESTAMP": "578835445",
	"_TRANSPORT": "syslog",
	"_SYSTEMD_UNIT": "ssh.service",
	"_SELINUX_CONTEXT": "unconfined\n",
	"__REALTIME_TIMESTAMP": "1672280735656577",
	"MESSAGE": "Connection closed by authenticating user triandi 127.0.0.1 port 45522 [preauth]",
	"_UID": "0",
	"_MACHINE_ID": "b0d275fb46fa48c6820be57edaa22cf5",
	"_SYSTEMD_CGROUP": "/system.slice/ssh.service",
	"_GID": "0",
	"_EXE": "/usr/sbin/sshd",
	"PRIORITY": "6",
	"__CURSOR": "s=480619fb37db476da096992f243a3a37;i=af2;b=f05eda76fdf3426d8d90b10c0e9212bb;m=228053f5;t=5f0ee3336aa81;x=e2647f4b3e76aac3",
	"_BOOT_ID": "f05eda76fdf3426d8d90b10c0e9212bb",
	"_CMDLINE": "\"sshd: triandi [priv]\"",
	"SYSLOG_IDENTIFIER": "sshd",
	"_SOURCE_REALTIME_TIMESTAMP": "1672280735656556",
	"_HOSTNAME": "triandi99",
	"SYSLOG_FACILITY": "4",
	"_CAP_EFFECTIVE": "1ffffffffff",
	"_PID": "4465",
	"_COMM": "sshd"
}
{
	"_GID": "0",
	"SYSLOG_TIMESTAMP": "feb 18 09:25:59 ",
	"_BOOT_ID": "f05eda76fdf3426d8d90b10c0e9212bb",
	"_SELINUX_CONTEXT": "unconfined\n",
	"__REALTIME_TIMESTAMP": "1672280759140893",
	"_CMDLINE": "\"sshd: triandi [priv]\"",
	"_SOURCE_REALTIME_TIMESTAMP": "1672280759140499",
	"_UID": "0",
	"SYSLOG_IDENTIFIER": "sshd",
	"_COMM": "sshd",
	"_HOSTNAME": "triandi99",
	"PRIORITY": "6",
	"_SYSTEMD_UNIT": "ssh.service",
	"SYSLOG_PID": "4483",
	"_SYSTEMD_CGROUP": "/system.slice/ssh.service",
	"_CAP_EFFECTIVE": "1ffffffffff",
	"_SYSTEMD_SLICE": "system.slice",
	"__MONOTONIC_TIMESTAMP": "602319762",
	"SYSLOG_FACILITY": "4",
	"_PID": "4483",
	"_SYSTEMD_INVOCATION_ID": "e4910daf4140429aaffac10406df93a6",
	"_EXE": "/usr/sbin/sshd",
	"__CURSOR": "s=480619fb37db476da096992f243a3a37;i=af5;b=f05eda76fdf3426d8d90b10c0e9212bb;m=23e6ab92;t=5f0ee349d021d;x=a1bf9bdf64ed496d",
	"_TRANSPORT": "syslog",
	"MESSAGE": "Connection closed by authenticating user triandi 127.0.0.1 port 34122 [preauth]",
	"_MACHINE_ID": "b0d275fb46fa48c6820be57edaa22cf5"
}
{
	"SYSLOG_FACILITY": "4",
	"SYSLOG_TIMESTAMP": "feb 18 09:26:06 ",
	"__CURSOR": "s=480619fb37db476da096992f243a3a37;i=af7;b=f05eda76fdf3426d8d90b10c0e9212bb;m=245c66b1;t=5f0ee3512bd3d;x=60e3628e7837b7dd",
	"_UID": "0",
	"PRIORITY": "6",
	"__MONOTONIC_TIMESTAMP": "610035377",
	"_SELINUX_CONTEXT": "unconfined\n",
	"SYSLOG_PID": "4489",
	"_EXE": "/usr/sbin/sshd",
	"_MACHINE_ID": "b0d275fb46fa48c6820be57edaa22cf5",
	"_SYSTEMD_INVOCATION_ID": "e4910daf4140429aaffac10406df93a6",
	"_SYSTEMD_UNIT": "ssh.service",
	"MESSAGE": "Connection closed by authenticating user triandi 127.0.0.1 port 34136 [preauth]",
	"__REALTIME_TIMESTAMP": "1672280766856509",
	"_PID": "4489",
	"_GID": "0",
	"SYSLOG_IDENTIFIER": "sshd",
	"_SYSTEMD_CGROUP": "/system.slice/ssh.service",
	"_CAP_EFFECTIVE": "1ffffffffff",
	"_TRANSPORT": "syslog",
	"_SOURCE_REALTIME_TIMESTAMP": "1672280766856493",
	"_BOOT_ID": "f05eda76fdf3426d8d90b10c0e9212bb",
	"_COMM": "sshd",
	"_CMDLINE": "\"sshd: triandi [priv]\"",
	"_HOSTNAME": "triandi99",
	"_SYSTEMD_SLICE": "system.slice"
}
{
	"_TRANSPORT": "syslog",
	"_MACHINE_ID": "b0d275fb46fa48c6820be57edaa22cf5",
	"__REALTIME_TIMESTAMP": "1672280850222517",
	"_CAP_EFFECTIVE": "1ffffffffff",
	"_SELINUX_CONTEXT": "unconfined\n",
	"_PID": "1068",
	"_SYSTEMD_INVOCATION_ID": "e4910daf4140429aaffac10406df93a6",
	"_SOURCE_REALTIME_TIMESTAMP": "1672280850220642",
	"_SYSTEMD_UNIT": "ssh.service",
	"SYSLOG_PID": "1068",
	"_BOOT_ID": "f05eda76fdf3426d8d90b10c0e9212bb",
	"_HOSTNAME": "triandi99",
	"MESSAGE": "Received signal 15; terminating.",
	"_SYSTEMD_CGROUP": "/system.slice/ssh.service",
	"PRIORITY": "6",
	"SYSLOG_IDENTIFIER": "sshd",
	"_COMM": "sshd",
	"SYSLOG_FACILITY": "4",
	"_GID": "0",
	"__MONOTONIC_TIMESTAMP": "693401385",
	"__CURSOR": "s=480619fb37db476da096992f243a3a37;i=b07;b=f05eda76fdf3426d8d90b10c0e9212bb;m=29547729;t=5f0ee3a0acdb5;x=e0f3d4fd9203d9cc",
	"SYSLOG_TIMESTAMP": "feb 18 09:27:30 ",
	"_SYSTEMD_SLICE": "system.slice",
	"_UID": "0"
}
{
	"__MONOTONIC_TIMESTAMP": "693401745",
	"_BOOT_ID": "f05eda76fdf3426d8d90b10c0e9212bb",
	"CODE_LINE": "557",
	"_SOURCE_REALTIME_TIMESTAMP": "1672280850220765",
	"_SYSTEMD_CGROUP": "/init.scope",
	"__REALTIME_TIMESTAMP": "1672280850222877",
	"_GID": "0",
	"MESSAGE_ID": "de5b426a63be47a7b6ac3eaac82e2f6f",
	"INVOCATION_ID": "e4910daf4140429aaffac10406df93a6",
	"CODE_FILE": "src/core/job.c",
	"JOB_TYPE": "stop",
	"_COMM": "systemd",
	"_CAP_EFFECTIVE": "1ffffffffff",
	"TID": "1",
	"_CMDLINE": "/sbin/init splash",
	"_SYSTEMD_UNIT": "init.scope",
	"SYSLOG_FACILITY": "3",
	"_SELINUX_CONTEXT": "unconfined\n",
	"_MACHINE_ID": "b0d275fb46fa48c6820be57edaa22cf5",
	"_HOSTNAME": "triandi99",
	"_PID": "1",
	"UNIT": "ssh.service",
	"__CURSOR": "s=480619fb37db476da096992f243a3a37;i=b08;b=f05eda76fdf3426d8d90b10c0e9212bb;m=29547891;t=5f0ee3a0acf1d;x=54afa3bba6762c12",
	"SYSLOG_IDENTIFIER": "systemd",
	"_TRANSPORT": "journal",
	"_EXE": "/usr/lib/systemd/systemd",
	"CODE_FUNC": "job_emit_start_message",
	"PRIORITY": "6",
	"MESSAGE": "Stopping OpenBSD Secure Shell server...",
	"JOB_ID": "2364",
	"_SYSTEMD_SLICE": "-.slice",
	"_UID": "0"
}
{
	"SYSLOG_FACILITY": "3",
	"_MACHINE_ID": "b0d275fb46fa48c6820be57edaa22cf5",
	"UNIT": "ssh.service",
	"TID": "1",
	"CODE_FUNC": "unit_log_success",
	"_SYSTEMD_SLICE": "-.slice",
	"_EXE": "/usr/lib/systemd/systemd",
	"_PID": "1",
	"CODE_FILE": "src/core/unit.c",
	"__MONOTONIC_TIMESTAMP": "693402043",
	"_HOSTNAME": "triandi99",
	"MESSAGE": "ssh.service: Deactivated successfully.",
	"_SOURCE_REALTIME_TIMESTAMP": "1672280850222712",
	"_SYSTEMD_UNIT": "init.scope",
	"MESSAGE_ID": "7ad2d189f7e94e70a38c781354912448",
	"__REALTIME_TIMESTAMP": "1672280850223175",
	"__CURSOR": "s=480619fb37db476da096992f243a3a37;i=b09;b=f05eda76fdf3426d8d90b10c0e9212bb;m=295479bb;t=5f0ee3a0ad047;x=aaecbbe26554fa75",
	"_TRANSPORT": "journal",
	"_GID": "0",
	"_CAP_EFFECTIVE": "1ffffffffff",
	"SYSLOG_IDENTIFIER": "systemd",
	"_SELINUX_CONTEXT": "unconfined\n",
	"PRIORITY": "6",
	"_BOOT_ID": "f05eda76fdf3426d8d90b10c0e9212bb",
	"_COMM": "systemd",
	"CODE_LINE": "5553",
	"INVOCATION_ID": "e4910daf4140429aaffac10406df93a6",
	"_CMDLINE": "/sbin/init splash",
	"_UID": "0",
	"_SYSTEMD_CGROUP": "/init.scope"
}
{
	"UNIT": "ssh.service",
	"MESSAGE": "Stopped OpenBSD Secure Shell server.",
	"CODE_FILE": "src/core/job.c",
	"_HOSTNAME": "triandi99",
	"__CURSOR": "s=480619fb37db476da096992f243a3a37;i=b0a;b=f05eda76fdf3426d8d90b10c0e9212bb;m=29547a01;t=5f0ee3a0ad08d;x=3c83832587ade979",
	"PRIORITY": "6",
	"_SOURCE_REALTIME_TIMESTAMP": "1672280850223206",
	"_EXE": "/usr/lib/systemd/systemd",
	"INVOCATION_ID": "e4910daf4140429aaffac10406df93a6",
	"JOB_ID": "2364",
	"MESSAGE_ID": "9d1aaa27d60140bd96365438aad20286",
	"__MONOTONIC_TIMESTAMP": "693402113",
	"JOB_RESULT": "done",
	"JOB_TYPE": "restart",
	"SYSLOG_FACILITY": "3",
	"_GID": "0",
	"_CMDLINE": "/sbin/init splash",
	"_UID": "0",
	"_COMM": "systemd",
	"_SELINUX_CONTEXT": "unconfined\n",
	"TID": "1",
	"_BOOT_ID": "f05eda76fdf3426d8d90b10c0e9212bb",
	"__REALTIME_TIMESTAMP": "1672280850223245",
	"_PID": "1",
	"_SYSTEMD_SLICE": "-.slice",
	"CODE_LINE": "713",
	"_TRANSPORT": "journal",
	"_MACHINE_ID": "b0d275fb46fa48c6820be57edaa22cf5",
	"CODE_FUNC": "job_emit_done_message",
	"_SYSTEMD_UNIT": "init.scope",
	"SYSLOG_IDENTIFIER": "systemd",
	"_SYSTEMD_CGROUP": "/init.scope",
	"_CAP_EFFECTIVE": "1ffffffffff"
}
{
	"_TRANSPORT": "journal",
	"_SOURCE_REALTIME_TIMESTAMP": "1672280850246701",
	"_GID": "0",
	"__MONOTONIC_TIMESTAMP": "693425703",
	"_COMM": "systemd",
	"_SELINUX_CONTEXT": "unconfined\n",
	"_SYSTEMD_SLICE": "-.slice",
	"UNIT": "ssh.service",
	"_UID": "0",
	"_CAP_EFFECTIVE": "1ffffffffff",
	"_EXE": "/usr/lib/systemd/systemd",
	"_SYSTEMD_UNIT": "init.scope",
	"CODE_FUNC": "job_emit_start_message",
	"_HOSTNAME": "triandi99",
	"CODE_LINE": "557",
	"MESSAGE_ID": "7d4958e842da4a758f6c1cdc7b36dcc5",
	"MESSAGE": "Starting OpenBSD Secure Shell server...",
	"_PID": "1",
	"__REALTIME_TIMESTAMP": "1672280850246835",
	"PRIORITY": "6",
	"TID": "1",
	"_SYSTEMD_CGROUP": "/init.scope",
	"JOB_TYPE": "start",
	"SYSLOG_FACILITY": "3",
	"_BOOT_ID": "f05eda76fdf3426d8d90b10c0e9212bb",
	"_CMDLINE": "/sbin/init splash",
	"CODE_FILE": "src/core/job.c",
	"JOB_ID": "2364",
	"__CURSOR": "s=480619fb37db476da096992f243a3a37;i=b0b;b=f05eda76fdf3426d8d90b10c0e9212bb;m=2954d627;t=5f0ee3a0b2cb3;x=f5772187135cd70e",
	"INVOCATION_ID": "bbc51f271c95414e8313a5fe1483a204",
	"SYSLOG_IDENTIFIER": "systemd",
	"_MACHINE_ID": "b0d275fb46fa48c6820be57edaa22cf5"
}
{
	"SYSLOG_IDENTIFIER": "sshd",
	"PRIORITY": "6",
	"SYSLOG_FACILITY": "4",
	"_BOOT_ID": "f05eda76fdf3426d8d90b10c0e9212bb",
	"_SYSTEMD_UNIT": "ssh.service",
	"_COMM": "sshd",
	"_SOURCE_REALTIME_TIMESTAMP": "1672280850273110",
	"_TRANSPORT": "syslog",
	"MESSAGE": "Server listening on 0.0.0.0 port 2000.",
	"_SYSTEMD_CGROUP": "/system.slice/ssh.service",
	"_HOSTNAME": "triandi99",
	"_UID": "0",
	"_MACHINE_ID": "b0d275fb46fa48c6820be57edaa22cf5",
	"SYSLOG_PID": "4551",
	"_SELINUX_CONTEXT": "unconfined\n",
	"SYSLOG_TIMESTAMP": "feb 18 09:27:30 ",
	"_CMDLINE": "/usr/sbin/sshd -D",
	"_SYSTEMD_SLICE": "system.slice",
	"__CURSOR": "s=480619fb37db476da096992f243a3a37;i=b0c;b=f05eda76fdf3426d8d90b10c0e9212bb;m=29553cdd;t=5f0ee3a0b9369;x=a89e57f0e3e6790e",
	"_GID": "0",
	"__REALTIME_TIMESTAMP": "1672280850273129",
	"_CAP_EFFECTIVE": "1ffffffffff",
	"_SYSTEMD_INVOCATION_ID": "bbc51f271c95414e8313a5fe1483a204",
	"__MONOTONIC_TIMESTAMP": "693451997",
	"_PID": "4551",
	"_EXE": "/usr/sbin/sshd"
}
{
	"_SYSTEMD_SLICE": "system.slice",
	"__REALTIME_TIMESTAMP": "1672280850273474",
	"_SELINUX_CONTEXT": "unconfined\n",
	"_SYSTEMD_INVOCATION_ID": "bbc51f271c95414e8313a5fe1483a204",
	"_SYSTEMD_UNIT": "ssh.service",
	"SYSLOG_PID": "4551",
	"SYSLOG_FACILITY": "4",
	"PRIORITY": "6",
	"__CURSOR": "s=480619fb37db476da096992f243a3a37;i=b0d;b=f05eda76fdf3426d8d90b10c0e9212bb;m=29553e36;t=5f0ee3a0b94c2;x=96fe809e0c132b73",
	"_SOURCE_REALTIME_TIMESTAMP": "1672280850273178",
	"_PID": "4551",
	"_COMM": "sshd",
	"_GID": "0",
	"_BOOT_ID": "f05eda76fdf3426d8d90b10c0e9212bb",
	"MESSAGE": "Server listening on :: port 2000.",
	"_CAP_EFFECTIVE": "1ffffffffff",
	"__MONOTONIC_TIMESTAMP": "693452342",
	"_SYSTEMD_CGROUP": "/system.slice/ssh.service",
	"SYSLOG_TIMESTAMP": "feb 18 09:27:30 ",
	"_TRANSPORT": "syslog",
	"_HOSTNAME": "triandi99",
	"_MACHINE_ID": "b0d275fb46fa48c6820be57edaa22cf5",
	"SYSLOG_IDENTIFIER": "sshd",
	"_UID": "0",
	"_CMDLINE": "/usr/sbin/sshd -D",
	"_EXE": "/usr/sbin/sshd"
}
{
	"INVOCATION_ID": "bbc51f271c95414e8313a5fe1483a204",
	"__MONOTONIC_TIMESTAMP": "693452383",
	"_BOOT_ID": "f05eda76fdf3426d8d90b10c0e9212bb",
	"TID": "1",
	"_SELINUX_CONTEXT": "unconfined\n",
	"_TRANSPORT": "journal",
	"MESSAGE": "Started OpenBSD Secure Shell server.",
	"_SOURCE_REALTIME_TIMESTAMP": "1672280850273409",
	"UNIT": "ssh.service",
	"_COMM": "systemd",
	"_SYSTEMD_SLICE": "-.slice",
	"JOB_ID": "2364",
	"_CMDLINE": "/sbin/init splash",
	"_EXE": "/usr/lib/systemd/systemd",
	"_SYSTEMD_CGROUP": "/init.scope",
	"CODE_FUNC": "job_emit_done_message",
	"JOB_TYPE": "start",
	"PRIORITY": "6",
	"__REALTIME_TIMESTAMP": "1672280850273515",
	"MESSAGE_ID": "39f53479d3a045ac8e11786248231fbf",
	"_CAP_EFFECTIVE": "1ffffffffff",
	"_PID": "1",
	"__CURSOR": "s=480619fb37db476da096992f243a3a37;i=b0e;b=f05eda76fdf3426d8d90b10c0e9212bb;m=29553e5f;t=5f0ee3a0b94eb;x=371779d66064fc26",
	"JOB_RESULT": "done",
	"SYSLOG_FACILITY": "3",
	"_MACHINE_ID": "b0d275fb46fa48c6820be57edaa22cf5",
	"CODE_FILE": "src/core/job.c",
	"_UID": "0",
	"_HOSTNAME": "triandi99",
	"_SYSTEMD_UNIT": "init.scope",
	"SYSLOG_IDENTIFIER": "systemd",
	"CODE_LINE": "713",
	"_GID": "0"
}
{
	"_BOOT_ID": "f05eda76fdf3426d8d90b10c0e9212bb",
	"MESSAGE": "Accepted password for triandi from 127.0.0.1 port 60836 ssh2",
	"PRIORITY": "6",
	"_SYSTEMD_UNIT": "ssh.service",
	"_TRANSPORT": "syslog",
	"_COMM": "sshd",
	"_UID": "0",
	"SYSLOG_PID": "4555",
	"_SYSTEMD_CGROUP": "/system.slice/ssh.service",
	"__MONOTONIC_TIMESTAMP": "703205872",
	"_CMDLINE": "\"sshd: triandi [priv]\"",
	"_MACHINE_ID": "b0d275fb46fa48c6820be57edaa22cf5",
	"_SELINUX_CONTEXT": "unconfined\n",
	"_PID": "4555",
	"_HOSTNAME": "triandi99",
	"_SOURCE_REALTIME_TIMESTAMP": "1672280860026822",
	"_SYSTEMD_SLICE": "system.slice",
	"__CURSOR": "s=480619fb37db476da096992f243a3a37;i=b11;b=f05eda76fdf3426d8d90b10c0e9212bb;m=29ea11f0;t=5f0ee3aa0687c;x=d4613c9f57330bf7",
	"SYSLOG_FACILITY": "4",
	"_GID": "0",
	"SYSLOG_IDENTIFIER": "sshd",
	"_CAP_EFFECTIVE": "1ffffffffff",
	"__REALTIME_TIMESTAMP": "1672280860027004",
	"SYSLOG_TIMESTAMP": "feb 18 09:27:40 ",
	"_EXE": "/usr/sbin/sshd",
	"_SYSTEMD_INVOCATION_ID": "bbc51f271c95414e8313a5fe1483a204"
}
{
	"_PID": "4555",
	"SYSLOG_FACILITY": "10",
	"_SYSTEMD_SLICE": "system.slice",
	"SYSLOG_IDENTIFIER": "sshd",
	"_CMDLINE": "\"sshd: triandi [priv]\"",
	"__REALTIME_TIMESTAMP": "1672280860030251",
	"MESSAGE": "pam_unix(sshd:session): session opened for user triandi(uid=1000) by (uid=0)",
	"_SYSTEMD_UNIT": "ssh.service",
	"_TRANSPORT": "syslog",
	"_SYSTEMD_CGROUP": "/system.slice/ssh.service",
	"__CURSOR": "s=480619fb37db476da096992f243a3a37;i=b12;b=f05eda76fdf3426d8d90b10c0e9212bb;m=29ea1e9f;t=5f0ee3aa0752b;x=78ddf6dfb444ce8b",
	"_UID": "0",
	"__MONOTONIC_TIMESTAMP": "703209119",
	"SYSLOG_PID": "4555",
	"PRIORITY": "6",
	"_SELINUX_CONTEXT": "unconfined\n",
	"_GID": "0",
	"_MACHINE_ID": "b0d275fb46fa48c6820be57edaa22cf5",
	"_SOURCE_REALTIME_TIMESTAMP": "1672280860030233",
	"_EXE": "/usr/sbin/sshd",
	"_COMM": "sshd",
	"_HOSTNAME": "triandi99",
	"_BOOT_ID": "f05eda76fdf3426d8d90b10c0e9212bb",
	"_CAP_EFFECTIVE": "1ffffffffff",
	"SYSLOG_TIMESTAMP": "feb 18 09:27:40 ",
	"_SYSTEMD_INVOCATION_ID": "bbc51f271c95414e8313a5fe1483a204"
}
{
	"_TRANSPORT": "journal",
	"JOB_ID": "2736",
	"MESSAGE_ID": "de5b426a63be47a7b6ac3eaac82e2f6f",
	"_SYSTEMD_CGROUP": "/init.scope",
	"_PID": "1",
	"_UID": "0",
	"__CURSOR": "s=480619fb37db476da096992f243a3a37;i=b4e;b=f05eda76fdf3426d8d90b10c0e9212bb;m=2f29f0e2;t=5f0ee3fe0476e;x=d9c3d42a9912a64b",
	"_EXE": "/usr/lib/systemd/systemd",
	"MESSAGE": "Stopping OpenBSD Secure Shell server...",
	"INVOCATION_ID": "bbc51f271c95414e8313a5fe1483a204",
	"_GID": "0",
	"PRIORITY": "6",
	"_MACHINE_ID": "b0d275fb46fa48c6820be57edaa22cf5",
	"CODE_LINE": "557",
	"UNIT": "ssh.service",
	"_SOURCE_REALTIME_TIMESTAMP": "1672280948097721",
	"TID": "1",
	"CODE_FUNC": "job_emit_start_message",
	"_CMDLINE": "/sbin/init splash",
	"_SELINUX_CONTEXT": "unconfined\n",
	"__MONOTONIC_TIMESTAMP": "791277794",
	"_COMM": "systemd",
	"_BOOT_ID": "f05eda76fdf3426d8d90b10c0e9212bb",
	"SYSLOG_FACILITY": "3",
	"_SYSTEMD_SLICE": "-.slice",
	"_HOSTNAME": "triandi99",
	"__REALTIME_TIMESTAMP": "1672280948098926",
	"CODE_FILE": "src/core/job.c",
	"SYSLOG_IDENTIFIER": "systemd",
	"_SYSTEMD_UNIT": "init.scope",
	"JOB_TYPE": "stop",
	"_CAP_EFFECTIVE": "1ffffffffff"
}
{
	"_PID": "4551",
	"SYSLOG_PID": "4551",
	"_BOOT_ID": "f05eda76fdf3426d8d90b10c0e9212bb",
	"PRIORITY": "6",
	"_CMDLINE": "\"sshd: /usr/sbin/sshd -D [listener] 0 of 10-100 startups\"",
	"_SELINUX_CONTEXT": "unconfined\n",
	"_GID": "0",
	"_HOSTNAME": "triandi99",
	"MESSAGE": "Received signal 15; terminating.",
	"_EXE": "/usr/sbin/sshd",
	"__REALTIME_TIMESTAMP": "1672280948099282",
	"_CAP_EFFECTIVE": "1ffffffffff",
	"SYSLOG_FACILITY": "4",
	"_SYSTEMD_CGROUP": "/system.slice/ssh.service",
	"_SYSTEMD_UNIT": "ssh.service",
	"_MACHINE_ID": "b0d275fb46fa48c6820be57edaa22cf5",
	"SYSLOG_IDENTIFIER": "sshd",
	"_SYSTEMD_SLICE": "system.slice",
	"_SYSTEMD_INVOCATION_ID": "bbc51f271c95414e8313a5fe1483a204",
	"__MONOTONIC_TIMESTAMP": "791278150",
	"_COMM": "sshd",
	"_UID": "0",
	"SYSLOG_TIMESTAMP": "feb 18 09:29:08 ",
	"__CURSOR": "s=480619fb37db476da096992f243a3a37;i=b4f;b=f05eda76fdf3426d8d90b10c0e9212bb;m=2f29f246;t=5f0ee3fe048d2;x=82f95b4e58625847",
	"_SOURCE_REALTIME_TIMESTAMP": "1672280948098795",
	"_TRANSPORT": "syslog"
}
{
	"_BOOT_ID": "f05eda76fdf3426d8d90b10c0e9212bb",
	"_HOSTNAME": "triandi99",
	"CODE_LINE": "5553",
	"_SOURCE_REALTIME_TIMESTAMP": "1672280948100658",
	"_UID": "0",
	"_COMM": "systemd",
	"_SYSTEMD_SLICE": "-.slice",
	"SYSLOG_IDENTIFIER": "systemd",
	"__REALTIME_TIMESTAMP": "1672280948100671",
	"__CURSOR": "s=480619fb37db476da096992f243a3a37;i=b50;b=f05eda76fdf3426d8d90b10c0e9212bb;m=2f29f7b3;t=5f0ee3fe04e3f;x=92b57f03cb10e1e5",
	"CODE_FILE": "src/core/unit.c",
	"CODE_FUNC": "unit_log_success",
	"_PID": "1",
	"_CAP_EFFECTIVE": "1ffffffffff",
	"_MACHINE_ID": "b0d275fb46fa48c6820be57edaa22cf5",
	"_SYSTEMD_UNIT": "init.scope",
	"UNIT": "ssh.service",
	"_CMDLINE": "/sbin/init splash",
	"__MONOTONIC_TIMESTAMP": "791279539",
	"_SELINUX_CONTEXT": "unconfined\n",
	"PRIORITY": "6",
	"_EXE": "/usr/lib/systemd/systemd",
	"TID": "1",
	"_SYSTEMD_CGROUP": "/init.scope",
	"SYSLOG_FACILITY": "3",
	"INVOCATION_ID": "bbc51f271c95414e8313a5fe1483a204",
	"MESSAGE_ID": "7ad2d189f7e94e70a38c781354912448",
	"MESSAGE": "ssh.service: Deactivated successfully.",
	"_GID": "0",
	"_TRANSPORT": "journal"
}
{
	"SYSLOG_IDENTIFIER": "systemd",
	"_CMDLINE": "/sbin/init splash",
	"MESSAGE": "Stopped OpenBSD Secure Shell server.",
	"_PID": "1",
	"JOB_RESULT": "done",
	"_UID": "0",
	"_TRANSPORT": "journal",
	"_MACHINE_ID": "b0d275fb46fa48c6820be57edaa22cf5",
	"CODE_FILE": "src/core/job.c",
	"MESSAGE_ID": "9d1aaa27d60140bd96365438aad20286",
	"_SELINUX_CONTEXT": "unconfined\n",
	"UNIT": "ssh.service",
	"_HOSTNAME": "triandi99",
	"__CURSOR": "s=480619fb37db476da096992f243a3a37;i=b51;b=f05eda76fdf3426d8d90b10c0e9212bb;m=2f29f982;t=5f0ee3fe0500d;x=c8b3a646970e5b64",
	"_BOOT_ID": "f05eda76fdf3426d8d90b10c0e9212bb",
	"PRIORITY": "6",
	"_SYSTEMD_CGROUP": "/init.scope",
	"_EXE": "/usr/lib/systemd/systemd",
	"_SYSTEMD_SLICE": "-.slice",
	"_COMM": "systemd",
	"_CAP_EFFECTIVE": "1ffffffffff",
	"_GID": "0",
	"__REALTIME_TIMESTAMP": "1672280948101133",
	"JOB_TYPE": "restart",
	"__MONOTONIC_TIMESTAMP": "791280002",
	"CODE_FUNC": "job_emit_done_message",
	"_SOURCE_REALTIME_TIMESTAMP": "1672280948101123",
	"TID": "1",
	"SYSLOG_FACILITY": "3",
	"CODE_LINE": "713",
	"INVOCATION_ID": "bbc51f271c95414e8313a5fe1483a204",
	"JOB_ID": "2736",
	"_SYSTEMD_UNIT": "init.scope"
}
{
	"__REALTIME_TIMESTAMP": "1672280948127317",
	"INVOCATION_ID": "bf1c1164f4a8454fbd79e437582fcccb",
	"_SELINUX_CONTEXT": "unconfined\n",
	"CODE_FILE": "src/core/job.c",
	"MESSAGE_ID": "7d4958e842da4a758f6c1cdc7b36dcc5",
	"_BOOT_ID": "f05eda76fdf3426d8d90b10c0e9212bb",
	"_SYSTEMD_CGROUP": "/init.scope",
	"_EXE": "/usr/lib/systemd/systemd",
	"CODE_FUNC": "job_emit_start_message",
	"_PID": "1",
	"_TRANSPORT": "journal",
	"CODE_LINE": "557",
	"_CMDLINE": "/sbin/init splash",
	"_CAP_EFFECTIVE": "1ffffffffff",
	"_MACHINE_ID": "b0d275fb46fa48c6820be57edaa22cf5",
	"_COMM": "systemd",
	"SYSLOG_FACILITY": "3",
	"TID": "1",
	"SYSLOG_IDENTIFIER": "systemd",
	"PRIORITY": "6",
	"__CURSOR": "s=480619fb37db476da096992f243a3a37;i=b52;b=f05eda76fdf3426d8d90b10c0e9212bb;m=2f2a5fc9;t=5f0ee3fe0b655;x=125c8b510eda0da0",
	"__MONOTONIC_TIMESTAMP": "791306185",
	"MESSAGE": "Starting OpenBSD Secure Shell server...",
	"_SYSTEMD_SLICE": "-.slice",
	"UNIT": "ssh.service",
	"JOB_ID": "2736",
	"_GID": "0",
	"JOB_TYPE": "start",
	"_HOSTNAME": "triandi99",
	"_SYSTEMD_UNIT": "init.scope",
	"_SOURCE_REALTIME_TIMESTAMP": "1672280948127006",
	"_UID": "0"
}
{
	"_GID": "0",
	"_HOSTNAME": "triandi99",
	"_MACHINE_ID": "b0d275fb46fa48c6820be57edaa22cf5",
	"_BOOT_ID": "f05eda76fdf3426d8d90b10c0e9212bb",
	"_SYSTEMD_SLICE": "system.slice",
	"SYSLOG_TIMESTAMP": "feb 18 09:29:08 ",
	"_SOURCE_REALTIME_TIMESTAMP": "1672280948161955",
	"_SELINUX_CONTEXT": "unconfined\n",
	"_SYSTEMD_CGROUP": "/system.slice/ssh.service",
	"__REALTIME_TIMESTAMP": "1672280948162000",
	"__MONOTONIC_TIMESTAMP": "791340868",
	"MESSAGE": "Server listening on 0.0.0.0 port 2000.",
	"_EXE": "/usr/sbin/sshd",
	"SYSLOG_IDENTIFIER": "sshd",
	"_COMM": "sshd",
	"SYSLOG_FACILITY": "4",
	"_CMDLINE": "/usr/sbin/sshd -D",
	"_SYSTEMD_UNIT": "ssh.service",
	"_TRANSPORT": "syslog",
	"_PID": "5610",
	"SYSLOG_PID": "5610",
	"_UID": "0",
	"PRIORITY": "6",
	"__CURSOR": "s=480619fb37db476da096992f243a3a37;i=b53;b=f05eda76fdf3426d8d90b10c0e9212bb;m=2f2ae744;t=5f0ee3fe13dd0;x=87e06d9b2f69a4cd",
	"_CAP_EFFECTIVE": "1ffffffffff",
	"_SYSTEMD_INVOCATION_ID": "bf1c1164f4a8454fbd79e437582fcccb"
}
{
	"_GID": "0",
	"_TRANSPORT": "syslog",
	"_SOURCE_REALTIME_TIMESTAMP": "1672280948162042",
	"PRIORITY": "6",
	"_EXE": "/usr/sbin/sshd",
	"MESSAGE": "Server listening on :: port 2000.",
	"_CAP_EFFECTIVE": "1ffffffffff",
	"SYSLOG_IDENTIFIER": "sshd",
	"__CURSOR": "s=480619fb37db476da096992f243a3a37;i=b54;b=f05eda76fdf3426d8d90b10c0e9212bb;m=2f2ae8ac;t=5f0ee3fe13f38;x=5e1519174b0828b6",
	"_SYSTEMD_UNIT": "ssh.service",
	"__MONOTONIC_TIMESTAMP": "791341228",
	"_SYSTEMD_SLICE": "system.slice",
	"_CMDLINE": "/usr/sbin/sshd -D",
	"_SYSTEMD_INVOCATION_ID": "bf1c1164f4a8454fbd79e437582fcccb",
	"_HOSTNAME": "triandi99",
	"_PID": "5610",
	"_COMM": "sshd",
	"_SELINUX_CONTEXT": "unconfined\n",
	"_UID": "0",
	"_BOOT_ID": "f05eda76fdf3426d8d90b10c0e9212bb",
	"SYSLOG_FACILITY": "4",
	"SYSLOG_TIMESTAMP": "feb 18 09:29:08 ",
	"_MACHINE_ID": "b0d275fb46fa48c6820be57edaa22cf5",
	"SYSLOG_PID": "5610",
	"_SYSTEMD_CGROUP": "/system.slice/ssh.service",
	"__REALTIME_TIMESTAMP": "1672280948162360"
}
{
	"UNIT": "ssh.service",
	"_PID": "1",
	"__CURSOR": "s=480619fb37db476da096992f243a3a37;i=b55;b=f05eda76fdf3426d8d90b10c0e9212bb;m=2f2ae8ec;t=5f0ee3fe13f78;x=d171942e279fe84c",
	"TID": "1",
	"_BOOT_ID": "f05eda76fdf3426d8d90b10c0e9212bb",
	"CODE_FUNC": "job_emit_done_message",
	"_MACHINE_ID": "b0d275fb46fa48c6820be57edaa22cf5",
	"JOB_ID": "2736",
	"_UID": "0",
	"CODE_FILE": "src/core/job.c",
	"_SYSTEMD_CGROUP": "/init.scope",
	"_SOURCE_REALTIME_TIMESTAMP": "1672280948162252",
	"_SELINUX_CONTEXT": "unconfined\n",
	"_HOSTNAME": "triandi99",
	"_TRANSPORT": "journal",
	"PRIORITY": "6",
	"JOB_TYPE": "start",
	"_EXE": "/usr/lib/systemd/systemd",
	"SYSLOG_IDENTIFIER": "systemd",
	"MESSAGE": "Started OpenBSD Secure Shell server.",
	"_CAP_EFFECTIVE": "1ffffffffff",
	"JOB_RESULT": "done",
	"SYSLOG_FACILITY": "3",
	"_SYSTEMD_SLICE": "-.slice",
	"__MONOTONIC_TIMESTAMP": "791341292",
	"__REALTIME_TIMESTAMP": "1672280948162424",
	"MESSAGE_ID": "39f53479d3a045ac8e11786248231fbf",
	"_COMM": "systemd",
	"_GID": "0",
	"_CMDLINE": "/sbin/init splash",
	"_SYSTEMD_UNIT": "init.scope",
	"INVOCATION_ID": "bf1c1164f4a8454fbd79e437582fcccb",
	"CODE_LINE": "713"
}
{
	"SYSLOG_TIMESTAMP": "feb 18 09:29:30 ",
	"_PID": "5630",
	"__MONOTONIC_TIMESTAMP": "813584510",
	"__REALTIME_TIMESTAMP": "1672280970405641",
	"_SYSTEMD_INVOCATION_ID": "bf1c1164f4a8454fbd79e437582fcccb",
	"_SYSTEMD_CGROUP": "/system.slice/ssh.service",
	"SYSLOG_PID": "5630",
	"__CURSOR": "s=480619fb37db476da096992f243a3a37;i=b8a;b=f05eda76fdf3426d8d90b10c0e9212bb;m=307e507e;t=5f0ee4134a709;x=5bde654579bbfb54",
	"_COMM": "sshd",
	"SYSLOG_FACILITY": "4",
	"_CMDLINE": "\"sshd: dicoding [priv]\"",
	"PRIORITY": "6",
	"_HOSTNAME": "triandi99",
	"_SOURCE_REALTIME_TIMESTAMP": "1672280970405619",
	"_UID": "0",
	"_SELINUX_CONTEXT": "unconfined\n",
	"_BOOT_ID": "f05eda76fdf3426d8d90b10c0e9212bb",
	"_EXE": "/usr/sbin/sshd",
	"_SYSTEMD_UNIT": "ssh.service",
	"SYSLOG_IDENTIFIER": "sshd",
	"MESSAGE": "Accepted publickey for dicoding from 127.0.0.1 port 33212 ssh2: RSA SHA256:acMHakud47s7ZKr7XkdArzox+k10wfu2Sjjz61HSG68",
	"_CAP_EFFECTIVE": "1ffffffffff",
	"_MACHINE_ID": "b0d275fb46fa48c6820be57edaa22cf5",
	"_TRANSPORT": "syslog",
	"_SYSTEMD_SLICE": "system.slice",
	"_GID": "0"
}
{
	"SYSLOG_TIMESTAMP": "feb 18 09:29:30 ",
	"SYSLOG_PID": "5630",
	"_EXE": "/usr/sbin/sshd",
	"_SYSTEMD_CGROUP": "/system.slice/ssh.service",
	"_BOOT_ID": "f05eda76fdf3426d8d90b10c0e9212bb",
	"_UID": "0",
	"SYSLOG_FACILITY": "10",
	"_MACHINE_ID": "b0d275fb46fa48c6820be57edaa22cf5",
	"_SYSTEMD_UNIT": "ssh.service",
	"_SELINUX_CONTEXT": "unconfined\n",
	"_PID": "5630",
	"__MONOTONIC_TIMESTAMP": "813587710",
	"_CMDLINE": "\"sshd: dicoding [priv]\"",
	"_SYSTEMD_SLICE": "system.slice",
	"_HOSTNAME": "triandi99",
	"_TRANSPORT": "syslog",
	"SYSLOG_IDENTIFIER": "sshd",
	"_CAP_EFFECTIVE": "1ffffffffff",
	"_SOURCE_REALTIME_TIMESTAMP": "1672280970408795",
	"PRIORITY": "6",
	"_SYSTEMD_INVOCATION_ID": "bf1c1164f4a8454fbd79e437582fcccb",
	"__REALTIME_TIMESTAMP": "1672280970408841",
	"MESSAGE": "pam_unix(sshd:session): session opened for user dicoding(uid=1001) by (uid=0)",
	"_COMM": "sshd",
	"__CURSOR": "s=480619fb37db476da096992f243a3a37;i=b8b;b=f05eda76fdf3426d8d90b10c0e9212bb;m=307e5cfe;t=5f0ee4134b389;x=4106d5b68b393157",
	"_GID": "0"
}
{
	"SYSLOG_TIMESTAMP": "feb 18 09:29:48 ",
	"PRIORITY": "6",
	"_TRANSPORT": "syslog",
	"_SYSTEMD_SLICE": "system.slice",
	"__REALTIME_TIMESTAMP": "1672280988695780",
	"_CAP_EFFECTIVE": "1ffffffffff",
	"_SYSTEMD_CGROUP": "/system.slice/ssh.service",
	"MESSAGE": "Accepted password for triandi from 127.0.0.1 port 48426 ssh2",
	"_UID": "0",
	"_PID": "5761",
	"SYSLOG_FACILITY": "4",
	"_COMM": "sshd",
	"_SYSTEMD_INVOCATION_ID": "bf1c1164f4a8454fbd79e437582fcccb",
	"_EXE": "/usr/sbin/sshd",
	"_CMDLINE": "\"sshd: triandi [priv]\"",
	"_MACHINE_ID": "b0d275fb46fa48c6820be57edaa22cf5",
	"_SOURCE_REALTIME_TIMESTAMP": "1672280988695756",
	"_BOOT_ID": "f05eda76fdf3426d8d90b10c0e9212bb",
	"_SYSTEMD_UNIT": "ssh.service",
	"_GID": "0",
	"SYSLOG_PID": "5761",
	"__CURSOR": "s=480619fb37db476da096992f243a3a37;i=bf1;b=f05eda76fdf3426d8d90b10c0e9212bb;m=31956658;t=5f0ee424bbce4;x=ed214ab2a710627b",
	"__MONOTONIC_TIMESTAMP": "831874648",
	"_SELINUX_CONTEXT": "unconfined\n",
	"_HOSTNAME": "triandi99",
	"SYSLOG_IDENTIFIER": "sshd"
}
{
	"_CAP_EFFECTIVE": "1ffffffffff",
	"__REALTIME_TIMESTAMP": "1672280988698737",
	"PRIORITY": "6",
	"_SYSTEMD_CGROUP": "/system.slice/ssh.service",
	"SYSLOG_IDENTIFIER": "sshd",
	"SYSLOG_PID": "5761",
	"SYSLOG_TIMESTAMP": "feb 18 09:29:48 ",
	"__MONOTONIC_TIMESTAMP": "831877605",
	"SYSLOG_FACILITY": "10",
	"_CMDLINE": "\"sshd: triandi [priv]\"",
	"_SYSTEMD_INVOCATION_ID": "bf1c1164f4a8454fbd79e437582fcccb",
	"_COMM": "sshd",
	"_SYSTEMD_UNIT": "ssh.service",
	"_PID": "5761",
	"_UID": "0",
	"_TRANSPORT": "syslog",
	"_SELINUX_CONTEXT": "unconfined\n",
	"_EXE": "/usr/sbin/sshd",
	"_HOSTNAME": "triandi99",
	"__CURSOR": "s=480619fb37db476da096992f243a3a37;i=bf2;b=f05eda76fdf3426d8d90b10c0e9212bb;m=319571e5;t=5f0ee424bc871;x=a353f1fd13cebb38",
	"_SYSTEMD_SLICE": "system.slice",
	"MESSAGE": "pam_unix(sshd:session): session opened for user triandi(uid=1000) by (uid=0)",
	"_SOURCE_REALTIME_TIMESTAMP": "1672280988698720",
	"_MACHINE_ID": "b0d275fb46fa48c6820be57edaa22cf5",
	"_GID": "0",
	"_BOOT_ID": "f05eda76fdf3426d8d90b10c0e9212bb"
}